track_id,artists,album_name,track_name,popularity,duration_ms,explicit,danceability,energy,key,loudness,mode,speechiness,acousticness,instrumentalness,liveness,valence,tempo,time_signature,track_genre
78ivvTBqkt3e6eBBkWMuV8,Wood & Wire,No Matter Where It Goes from Here,John,36,175466,False,0.388,0.47,5,-10.011,1,0.0377,0.584,1.99e-06,0.176,0.776,183.893,3,bluegrass
2RFt6ZWQbr9mPhsft9u9eX,Gabrielle Aplin;JP Cooper,Dear Happy,Losing Me,61,181760,False,0.66,0.407,7,-8.381,1,0.0571,0.236,0.0,0.109,0.257,133.86,4,acoustic
3ktgwCr0hZ1EbC99oHbgN8,Fejo,Ne Marenda,Ne Marenda,27,178387,False,0.565,0.654,5,-6.742,1,0.147,0.179,9.6e-05,0.0984,0.602,179.988,4,malay
4wzjNqjKAKDU82e8uMhzmr,The Red Jumpsuit Apparatus,Don't You Fake It,Face Down,76,192000,False,0.545,0.932,7,-2.189,0,0.0399,0.000665,0.0,0.127,0.464,92.956,4,punk
0INqAT51XyRjjH9WVMkwA5,Marc Anthony,Mended,I Need You,36,251146,False,0.536,0.72,0,-5.879,1,0.0508,0.0234,1.44e-06,0.537,0.395,90.526,4,salsa
6TWcSqCntZhH5vyc35kkob,Cigarettes After Sex,Cigarettes After Sex,John Wayne,65,258483,False,0.441,0.465,3,-8.389,1,0.0291,0.343,0.884,0.0982,0.173,123.933,4,indie-pop
1KG8SoycbII7iW3jVDCnE0,Ignacio Corsini,El Caballero Cantor del Tango,Betinotti,15,166320,False,0.542,0.332,7,-6.409,1,0.0606,0.98,0.000708,0.136,0.546,83.173,4,tango
0Ant6wBzTsOcH63OgzmaXU,Lionel Richie,Artsy & Colourful,Angel - Metro Mix Radio Edit,0,223040,False,0.725,0.822,9,-10.059,1,0.0402,0.011,0.0,0.0938,0.581,127.971,4,disco
2mLtn7zqcqalNZSfQZ62ko,Geraldo Azevedo,Raízes e Frutos,Táxi Lunar,40,231066,False,0.655,0.47,4,-11.395,0,0.0356,0.237,0.00163,0.128,0.577,145.703,4,mpb
1lAVCaEi47Fy5zwyxndYn4,Zeca Pagodinho,Ser Humano,Ser Humano,47,201880,False,0.671,0.689,5,-7.448,0,0.0585,0.504,0.0,0.177,0.834,155.973,4,pagode
2iNmYBqg9ZUA8p83Q72deL,"Nikolai Erdenko;Ансамбль ""Джанг""",Лучшая цыганская музыка. Часть третья,Малярка,0,137266,False,0.356,0.105,6,-20.304,0,0.0412,0.973,0.000125,0.356,0.188,80.393,4,romance
5BXqaWb8fRDDe1fDi30MfC,Aviões do Forró,"Aviões do Forró, Vol. 4",Risca Faca,50,208535,False,0.732,0.908,2,-6.998,1,0.0547,0.578,0.0,0.442,0.823,112.385,4,sertanejo
21BfslzLCx6jrXwjqV6Cpg,Infraction;Alexi Action,Atomic,Atomic,36,173333,False,0.518,0.936,11,-4.389,1,0.0408,0.000893,0.934,0.0594,0.0532,108.02,4,club
5oybimaSGL9SQIoOnr7BJd,Skank,Multishow Ao Vivo - Skank no Mineirão,Tanto (I Want You) - Ao Vivo,45,228040,False,0.511,0.839,7,-4.406,1,0.0324,0.0295,8.3e-06,0.942,0.533,97.583,4,mpb
0y1QJc3SJVPKJ1OvFmFqe6,KALEO,A/B,Way down We Go,78,213706,False,0.489,0.505,10,-8.022,0,0.117,0.579,0.000333,0.104,0.337,163.255,4,indie
0eFSShjiDlp5FUspruHdJ0,Sebastian Yatra;Guaynaa,Regageton Para Niños,Chica Ideal,2,183240,False,0.574,0.891,0,-3.665,0,0.157,0.0847,0.0,0.16,0.707,100.978,4,reggaeton
2JUqYobT8NvARdPmc4ES2x,Frank Ocean,Blonde,Good Guy,64,66786,False,0.525,0.131,0,-12.787,1,0.458,0.983,0.00433,0.12,0.811,107.007,5,soul
4q3RvP346LwVckedivMYBm,Los Caligaris;Manuel Moretti,20 Años: El Show Más Feliz del Mundo (En Vivo),Vereda - En Vivo,38,214995,False,0.608,0.652,4,-9.137,1,0.029,0.0313,6.34e-05,0.806,0.423,137.854,4,ska
5oYMLJBYRv0I3D5GZEqODA,Finding Hope,More & More,More & More,55,211133,False,0.689,0.256,1,-10.572,1,0.0514,0.704,2.29e-06,0.051,0.547,82.936,4,chill
0393PMIQFV9pewSmxoWwXw,Fitz and The Tantrums,US Pop 20s,Sway,0,136940,False,0.705,0.927,1,-2.701,1,0.0776,0.0327,0.0,0.0705,0.945,159.978,4,alternative
4yVzNknEXRtTZBowdNFTe6,Keyakizaka46,アンビバレント (Special Edition),I'm out,34,234240,False,0.529,0.918,0,-2.984,0,0.0633,0.0198,0.0,0.302,0.54,120.986,4,j-idol
4Jfcedn6swtzrhq6wH09rQ,Louis Armstrong;The Commanders,Best Christmas Songs 2022 | For under the Mistletoe,Cool Yule,0,176699,False,0.568,0.505,0,-8.041,1,0.128,0.676,1.67e-05,0.516,0.692,149.439,4,jazz
1CIlKWhwH35XcCzpofRjux,Arctic Monkeys,Why'd You Only Call Me When You're High?,Why'd You Only Call Me When You're High?,49,161123,False,0.691,0.631,2,-6.478,1,0.0368,0.0483,1.13e-05,0.104,0.8,92.004,4,garage
58DITAWlxgR0FQSbKGqXUi,Alan Menken,Aladdin (Original Motion Picture Soundtrack),Jasmine Meets Prince Anders,37,34878,False,0.257,0.0613,0,-21.991,1,0.0393,0.946,0.911,0.0873,0.107,80.404,3,disney
1Gz3r6XFSqYdqBhyYaHtto,N3WPORT,By My Side,By My Side,39,213342,False,0.407,0.592,10,-6.632,1,0.0537,0.288,1.2e-05,0.157,0.32,180.001,4,dubstep
55MdAcOd84Lhy32ueDEWtw,Tony O'Connor,Aqua Zone,Rendezvous,23,454346,False,0.533,0.178,7,-17.779,1,0.0376,0.795,0.874,0.102,0.2,115.836,4,new-age
3v0krJCUzAT1K32SCnVO98,Faber,Orpheum (Live),Highlight - Live,42,218000,True,0.31,0.419,0,-10.57,1,0.0409,0.509,0.6,0.335,0.0959,105.3,4,german
2LnnCrqJl1p39bD7d491cu,Chilly Gonzales;Johannes Bornlöf,Refreshing Piano,White Keys,0,181055,False,0.338,0.0568,9,-27.643,0,0.0374,0.99,0.907,0.149,0.544,152.728,3,ambient
2zGN2Pjf8FRZb3xYM0PkF3,Alejandro González;Pipe Bueno,Le Hace Falta Un Beso (feat. Pipe Bueno) [Versión Ranchera],Le Hace Falta Un Beso (feat. Pipe Bueno) - Versión Ranchera,44,171066,False,0.719,0.496,4,-4.733,1,0.0337,0.205,0.0,0.0799,0.752,101.969,4,reggae
3D5m9td727oNdjUh8EmVVg,Banda Los Recoditos,Carrete familiar,No Te Quiero Perder,0,208320,False,0.697,0.399,2,-6.013,1,0.0375,0.611,2.06e-05,0.064,0.916,140.105,3,r-n-b
7KR3rQJtJviqmloUwYK86T,Fernandinho,Uma Nova História (ao Vivo),Fogo Consumidor - Ao Vivo,44,448466,False,0.425,0.759,9,-5.179,1,0.0366,0.13,0.0,0.192,0.276,154.896,4,gospel
5y8ARSg47Yx52xvQQAlS35,Mosaic MSC,HUMAN (Deluxe) [Live],Fountain (I Am Good) - Live,22,318874,False,0.438,0.577,5,-8.285,1,0.0357,0.0206,1.29e-05,0.253,0.114,139.983,4,world-music
3odkvkWgBFpV02hHfGQWWC,Little Apple Band,The Favorite Songs Of Sesame Street,PEOPLE IN YOUR NEIGHBORHOOD,22,136225,False,0.763,0.519,0,-7.812,1,0.0504,0.813,0.0,0.214,0.754,126.943,4,kids
3MHqGAgzog0ws73QGNmpPA,Georgio,Ciel enflammé - Sacré,Miraculé,32,137661,True,0.827,0.571,5,-6.756,0,0.5,0.518,0.0,0.105,0.317,100.142,4,french
1fbHsIsgVoZsltBtQhSgvc,Ata Ebtekar,Persian Electronic Music Yesterday And Today1966-2006,Nashid,0,336760,False,0.107,0.936,6,-6.521,0,0.274,0.327,0.0447,0.493,0.204,69.785,4,iranian
2tKIsOrwDCeL9LgpBvlZst,KAROL G;Maldy,Clásicos de ahora: Perreo,GATÚBELA,0,209160,False,0.627,0.858,11,-2.824,0,0.386,0.263,0.0,0.21,0.342,92.523,4,reggaeton
6sEOCx9dvZ2Vy3sI8HpZ3m,Ricchi E Poveri,Tutti in piscina Canzoni per bambini,Mamma Maria,0,188840,False,0.725,0.834,4,-6.142,0,0.0302,0.379,1.82e-06,0.288,0.931,133.289,4,disco
40XeGNGFchGYw7y0ue1GiG,The Beatles,Let It Be (Super Deluxe),Don’t Let Me Down - First Rooftop Performance,57,209453,False,0.455,0.502,4,-7.539,1,0.0493,0.699,0.000156,0.094,0.674,163.347,4,british
3aVyavzL1hsbRxpbptIflb,Limão Com Mel,Só As Melhores (Ao Vivo),Porque Não Vê - Ao Vivo,37,256333,False,0.455,0.808,0,-5.203,1,0.0411,0.242,0.0,0.739,0.37,79.946,4,forro
5DAjrJqXqYtgr67pVhmUeR,Bonobo,Migration,Kerala,57,237546,False,0.529,0.739,7,-9.578,0,0.0718,0.0237,0.607,0.171,0.138,124.75,4,electronic
3vk0GnIa9jp1B00felbJQE,Jesus Culture;Kristene DiMarco,Awakening - Live From Chicago,Break Every Chain - Live,54,487506,False,0.317,0.666,9,-5.809,1,0.0365,0.343,0.0,0.314,0.179,135.784,4,world-music
0l8D7yGRuHt9myGZtMThiZ,Sorriso Maroto,Como Antigamente (Ao Vivo),Muros - Ao Vivo,46,219970,False,0.586,0.686,1,-5.303,0,0.0343,0.615,0.0,0.157,0.836,153.987,4,pagode
1c9wxQkSyFOCkVUl3Z5Say,The Chainsmokers,So Far So Good (lofi remixes),I Hope You Change Your Mind - lofi remix,0,195456,False,0.648,0.473,0,-14.604,1,0.0285,0.598,0.917,0.136,0.363,112.998,4,electro
4pq5g8DHg6lX7gDqu4OGlg,Luccas Carlos;Vitão,NADA FÁCIL,NADA FÁCIL,44,198846,True,0.615,0.699,4,-5.5,0,0.063,0.688,0.0,0.142,0.464,167.993,4,r-n-b
4R6CTUqISDAkCh9ruh4Q7z,Nikolai Erdenko,20 золотых романсов на скрипке,На заре ты ее не буди,0,73520,False,0.573,0.278,2,-12.266,0,0.067,0.953,0.661,0.356,0.83,176.308,4,romance
0e5LcankE0UyJUuCoq1uH2,Steve Miller Band,Fishing Music,The Joker,0,264503,False,0.596,0.448,5,-9.616,1,0.0396,0.365,5.22e-06,0.207,0.796,83.293,4,hard-rock
1QfMAedhK4fbHem6ZyoEcg,George Jones,Starday & Musicor Originals,I Had You,12,152360,False,0.474,0.288,4,-14.488,1,0.0313,0.622,2.77e-06,0.323,0.522,93.985,4,honky-tonk
7ij0GeHmY389fa0cqydd3y,Per Myrberg,Chess på svenska (Original Musical Soundtrack),Glöm mig om du kan,19,214440,False,0.411,0.1,9,-18.398,1,0.041,0.913,0.0,0.118,0.192,123.298,5,disney
2L2D0aPziCdIjm57GDMULG,White Noise for Babies,Twilight Noise,Twilight Movements,0,180000,False,0.216,0.0754,2,-24.969,1,0.0442,0.795,0.87,0.113,0.0383,138.291,3,sleep
4GQO1491lOB5o2mEo8Qq6s,Miss Saigon Original Cast;Alistair Brammer;Tamsin Carroll;Hugh Maynard;Eva Noblezada,Miss Saigon: The Definitive Live Recording (Original Cast Recording / Deluxe),The Confrontation - Live,25,359613,False,0.409,0.244,8,-14.795,0,0.0743,0.796,0.0,0.3,0.187,78.449,4,show-tunes
2cRll9FJJEs2hVKuOpRrRD,Project AER;Refeeld,Growth Patterns,Brighter Days,42,168571,False,0.712,0.279,3,-12.545,1,0.0345,0.932,0.82,0.38,0.115,136.033,4,guitar
3FP7aHOSBQ2Pq4KlGchpqT,Andreas Gabalier,Da komm' ich her,Auf der Alm,33,275453,False,0.465,0.683,4,-7.263,1,0.0472,0.137,0.0,0.175,0.502,175.946,4,party
64B0yTuNiZ90zt0IBlmg9W,Alphaxone,The Infinite Void,Unusual Detection,13,386500,False,0.166,0.117,0,-19.708,1,0.0436,0.198,0.566,0.0943,0.0333,126.806,4,iranian
7MhNCT34oaLIxwAsZlZd67,Halsey;Juice WRLD,Manic,Without Me,62,228951,True,0.744,0.514,6,-6.103,1,0.0746,0.355,0.0,0.183,0.449,136.013,4,indie
5MSz35aYcvSZxUeBHiTCiI,Bert Kreischer,Bert Bert Bert,"Kids, Girls and Advice",24,422746,False,0.478,0.534,6,-12.523,1,0.917,0.947,0.0,0.701,0.546,85.996,4,comedy
0BIpEYy15QaMusucc8H0l7,Creedence Clearwater Revival,Anthems for Witches 2022,Bad Moon Rising - Remastered 1985,1,139279,False,0.621,0.85,2,-4.203,1,0.0311,0.0221,1.52e-06,0.0581,0.923,89.497,4,rock
5ulyMRVraAUV3OC7cbkRpF,Echo & the Bunnymen,OK Boomers - Top Tunes,Lips Like Sugar,0,291866,False,0.552,0.934,4,-4.039,1,0.0299,0.00448,0.0207,0.258,0.863,130.001,4,punk-rock
3i31Itck9EgI1vRjZxdYe9,Tiësto;KAROL G,Dance Dance Dance,Don't Be Shy,0,140500,True,0.77,0.787,11,-3.748,0,0.0583,0.198,0.0,0.262,0.513,119.986,4,trance
1GN7Kn9Hr4pOpVVxBL1ZUD,Chris Tomlin;Lauren Daigle,Christmas Dinner,Noel - Live,1,257720,False,0.349,0.261,10,-9.478,0,0.0306,0.748,0.0,0.104,0.103,137.954,4,world-music
5I1UFaot9CKa5BA26yGePX,Emilíana Torrini,Adrift (Original Motion Picture Soundtrack),I Hope That I Don't Fall in Love with You,29,222533,False,0.531,0.184,2,-9.964,1,0.0431,0.941,0.000148,0.135,0.346,167.873,4,trip-hop
39iczvfNkZstM8KY8dNDFC,salvia palth,melanchole,(dream),72,84741,False,0.328,0.301,0,-13.283,1,0.0366,0.926,0.825,0.118,0.167,147.398,4,emo
7FBf7WRech1Bhdp9BcylM6,Marshmello;Bastille,Weekend Baby,Happier,1,214289,False,0.687,0.792,5,-2.749,1,0.0452,0.191,0.0,0.167,0.671,100.011,4,progressive-house
1TBr5codxpZ5jmRQwCEiQT,The Jackson 5,12 Days of Christmas 2022,I Saw Mommy Kissing Santa Claus,0,181360,False,0.582,0.705,3,-8.169,1,0.0539,0.29,1.38e-06,0.797,0.64,128.89,4,soul
4EZytiJfGIKolH85Nc6G8Q,Hiroyuki Sawano,"""Attack on Titan"" Season 3 Original Soundtrack",T-Kt,51,174560,False,0.28,0.159,2,-12.936,0,0.0392,0.652,0.627,0.0948,0.0393,58.714,4,anime
1mCNkrKh9NEgxJWUqHnEgo,Apocalyptica;Brent Smith,7th Symphony,Not Strong Enough,63,216520,False,0.354,0.829,9,-3.834,1,0.047,0.00183,0.0,0.119,0.195,163.958,4,metal
6wxm92a18bGEP5N4QusCIx,The Local Train,Vaaqif,Mere Yaar,43,286720,False,0.343,0.508,2,-9.742,1,0.0341,0.191,0.000377,0.278,0.304,78.126,4,indie
1MWApXQMyidjiXB7w19fXH,Kid Rock;Sheryl Crow;Bob Seger,Country Road Songs,Collide,0,288773,False,0.433,0.732,9,-4.197,1,0.0316,0.0375,2.53e-06,0.0692,0.592,199.943,4,metal
2xUM2CBmLcvdldtDtPmrfx,Maris Racal,Ate Sandali,Laro Laro Laro,27,174124,False,0.466,0.14,9,-13.118,1,0.0301,0.921,0.00659,0.358,0.351,147.328,3,acoustic
6xwkW1xUgK7vWhHP2vhT4S,K. G. Markose,Christian Devotional - K G Markose Hits,Karuthunnavan Njaanallayo,22,311346,False,0.851,0.564,2,-6.898,1,0.0341,0.537,0.0,0.0768,0.897,105.016,4,malay
5eatFM6xskKdCtSoLIAUPn,Freestylers;Scarlett Quinn,Other Worlds,All Your Fears,12,280259,False,0.66,0.686,7,-5.135,1,0.0276,0.000882,0.373,0.102,0.106,125.027,4,breakbeat
3SuOnvSXNnzbnZaecObT2S,The Staple Singers,World's Best Christmas Playlist,Who Took The Merry Out Of Christmas,0,149333,False,0.609,0.485,8,-11.166,1,0.091,0.112,2.08e-05,0.0967,0.736,101.611,4,soul
2M3laSC4qeLl9tWxDEzF4T,Wes Montgomery,Incredible Jazz Guitar,Polka Dots And Moonbeams,51,282200,False,0.53,0.114,7,-18.069,1,0.0475,0.991,0.902,0.137,0.369,92.249,4,guitar
6L1V0LvpXBJ7QptKuLUj3v,awfultune,redesign,redesign,66,148548,True,0.795,0.507,10,-7.188,1,0.0332,0.542,6.83e-06,0.116,0.784,120.009,4,indie-pop
1XNAH3h63O1hWFcgyHGbjf,John Legend,LEGEND,Nervous,67,188046,False,0.545,0.587,2,-4.842,1,0.0634,0.414,0.0,0.224,0.359,123.107,4,soul
4MLBqAEzNN89o2M9h92Z26,The Beatles,Let It Be (Remastered),Get Back - Remastered 2009,66,189386,False,0.761,0.592,2,-9.836,1,0.0586,0.492,0.00626,0.61,0.332,123.095,4,psych-rock
5rvJ9lvGq8hWhkCQEcer1x,Serrini,靜靜,靜靜,43,230456,False,0.66,0.0699,2,-17.452,1,0.0478,0.953,1.95e-06,0.129,0.133,114.502,4,cantopop
09YadcHsZw8nEmJhB7SDrw,TIAGO IORC,Reconstrução,Fuzuê,42,240942,False,0.66,0.675,11,-7.909,0,0.245,0.026,0.0,0.0656,0.585,191.92,4,mpb
3To5owsnumbjenW1G5j0VK,Los Prisioneros,Modo trabajación,Tren Al Sur,0,336933,False,0.676,0.67,9,-7.218,0,0.051,0.00565,0.00676,0.0805,0.725,90.232,4,hardcore
4GjxCT8Wh51esusanzbHsZ,Stereoact;Vanessa Mai,Für immer,Ja Nein Vielleicht,24,169106,False,0.828,0.719,0,-5.422,1,0.0422,0.173,0.0,0.0633,0.765,116.965,4,party
6XDnRajLGcV3NUbL3fY3yM,Aline Barros,Consagração,Primeiro Amor,49,208608,False,0.649,0.434,9,-6.669,1,0.0317,0.452,0.0,0.0818,0.264,121.954,3,gospel
7q8TrL8QgMP9lWTcaYmGZ5,D.F.C.,Igreja Quadrangular Do Triângulo Redondo,Lucro é o Fim,23,91219,True,0.191,0.944,7,-4.237,1,0.0761,2.34e-05,0.939,0.0905,0.807,196.822,4,death-metal
1kO7jUnCBS15J9YuyS0Mgj,Rels B;Indigo Jams,Nueva Generación,Forgive Me,29,215999,True,0.74,0.553,3,-7.853,0,0.0708,0.606,0.0,0.0973,0.163,110.065,4,spanish
4ywBPWj2NsH9DBTdMrzXLJ,Woods Of Ypres,Against The Seasons: Cold Winter Songs From The Dead Summer Heat,The Shams Of Optimism,17,182573,False,0.119,0.968,1,-4.299,1,0.374,1.36e-05,0.966,0.33,0.0374,171.644,3,black-metal
13rZQUVGSlVc2M3YJ7QDbs,G.E.M.,兩個你,兩個自己,52,196308,False,0.467,0.518,5,-6.455,1,0.043,0.273,2.36e-06,0.137,0.117,179.701,4,mandopop
0H1pXo2rOF0oVP1egktsuk,Mc Kevin;DJ Negret;Dj Luan MPC,Passado & Presente,Vida Longa,49,190423,True,0.521,0.446,2,-10.838,0,0.195,0.37,0.0,0.14,0.327,138.971,4,funk
69Kzq3FMkDwiSFBQzRckFD,The Smiths,Hatful of Hollow,This Night Has Opened My Eyes - 2011 Remaster,69,221533,False,0.696,0.628,2,-8.407,1,0.0274,0.00102,0.428,0.272,0.701,100.038,4,punk-rock
4r8JqkhpTb5tzSKKHnVJIJ,Mohit Chauhan;Shekhar Ravjiani;Shruti Pathak,Anjaana Anjaani,Tujhe Bhula Diya,67,279429,False,0.644,0.423,11,-8.702,0,0.0324,0.464,0.0,0.11,0.509,131.903,4,pop-film
0XqqRrguZRSq5eTPjfi1jk,Schyzo,V. Patro,Job,40,167500,True,0.807,0.452,11,-9.636,1,0.0752,0.461,0.0,0.0969,0.391,80.007,4,emo
4OwhwvKESFtuu06dTgct7i,Marc Seguí;Rauw Alejandro;Pol Granch,Tiroteo (Remix),Tiroteo - Remix,81,321555,False,0.75,0.522,9,-7.018,1,0.0293,0.282,0.0,0.0743,0.601,110.427,4,spanish
1Q3tV9YnDJTY6SbCfZKXZz,Kayzo;Our Last Night;Sullivan King,Alone (Sullivan King Remix),Alone - Sullivan King Remix,54,259200,False,0.401,0.963,6,-0.263,0,0.0826,0.00237,1.74e-05,0.105,0.174,149.961,4,dubstep
0blRKZuaGlLtbdo2wgiIK1,Isadora Pompeo,Primeira Canção (Música dos Passarinhos),Primeira Canção (Música dos Passarinhos),45,193453,False,0.784,0.427,2,-9.073,1,0.0356,0.473,0.0,0.225,0.607,125.928,4,gospel
4OufvzIUm5RUveuvVVytNn,Wormwood,Arkivet,My Northern Heart,17,385714,False,0.308,0.901,2,-5.85,0,0.0607,0.000334,5.94e-05,0.0842,0.131,196.059,4,black-metal
2KKLuHN6zDxVnWtFKO8vo4,Iron Maiden,Fear of the Dark (2015 Remaster),Wasting Love - 2015 Remaster,65,351026,False,0.324,0.667,4,-5.373,0,0.0321,0.00562,3.56e-05,0.0873,0.29,142.503,4,metal
48xmeRtNViFzlFSeboVeVX,Kyoko Koizumi,The Stardust Memory,The Stardust Memory,33,232991,False,0.623,0.698,3,-5.808,1,0.0271,0.0244,0.000168,0.355,0.502,143.318,4,techno
65wzaO08xeMhKDSq92bHLu,Propellerheads,Decksandrumsandrockandroll,Echo & Bounce,13,326306,False,0.778,0.963,7,-7.289,1,0.0861,0.051,0.794,0.115,0.31,124.004,4,breakbeat
3zjjzKg16tczCMwckGKGuH,Weathers,Happy Pills,Happy Pills,71,203080,False,0.521,0.885,4,-4.934,0,0.125,0.00327,0.00904,0.324,0.344,115.985,4,alternative
0lp3u9nJusd5l8aKPAWELl,Felipe Araújo;Matheus & Kauan,Mais Um,Mais Um,43,168258,False,0.766,0.793,6,-4.427,1,0.0477,0.421,0.0,0.093,0.73,126.975,4,sertanejo
4LjpHe6L21jyTIb2CjtSKE,Turma do Pagode;Aviões do Forró,Turma do Pagode XV Anos (Ao Vivo),Puxa Agarra e Beija (feat. Aviões do Forró) - Ao Vivo,49,173053,False,0.534,0.95,2,-4.694,1,0.14,0.63,0.0,0.958,0.847,165.805,4,sertanejo
39lOHITmszIVH9WF4Jpbum,Prateek Kuhad,The Way That Lovers Do,Bloom,43,219573,False,0.606,0.488,7,-7.339,1,0.0255,0.597,0.0982,0.184,0.468,81.019,4,indie-pop
1plFCZ6QFAjSRutT02GTCn,Pritam;Arijit Singh,"Channa Mereya (From ""Ae Dil Hai Mushkil"")","Channa Mereya (From ""Ae Dil Hai Mushkil"")",61,289333,False,0.476,0.788,9,-4.821,0,0.0448,0.24,2.64e-05,0.106,0.747,90.066,4,indian
5ruzrDWcT0vuJIOMW7gMnW,The Strokes,The New Abnormal,The Adults Are Talking,79,309053,False,0.593,0.749,5,-5.67,1,0.0475,0.0113,0.106,0.314,0.649,164.959,4,alt-rock
3Y4rUyw7XBCK6hGHCOt6rp,The Strokes,Comedown Machine,"Call It Fate, Call It Karma",72,204773,False,0.544,0.241,4,-14.779,0,0.03,0.983,0.774,0.101,0.359,109.437,4,alt-rock
2t0wwvR15fc3K1ey8OiOaN,The Strokes,The New Abnormal,Selfless,71,222093,False,0.538,0.679,4,-4.297,1,0.0333,0.191,0.00175,0.0889,0.0888,121.99,4,alt-rock
7kzKAuUzOITUauHAhoMoxA,The Strokes,Is This It,Last Nite,74,193506,False,0.624,0.91,0,-5.703,1,0.0297,0.0285,0.000198,0.0789,0.767,104.042,4,alt-rock
57Xjny5yNzAcsxnusKmAfA,The Strokes,Room On Fire,Reptilia,75,219826,False,0.489,0.649,9,-5.11,1,0.0336,0.000603,0.713,0.101,0.77,158.009,4,alt-rock
1BLOVHYYlH4JUHQGcpt75R,The Strokes,The New Abnormal,Ode To The Mets,67,351786,False,0.426,0.617,1,-5.423,0,0.0289,0.341,0.181,0.101,0.201,92.002,4,alt-rock
5ruzrDWcT0vuJIOMW7gMnW,The Strokes,The New Abnormal,The Adults Are Talking,79,309053,False,0.593,0.749,5,-5.67,1,0.0475,0.0113,0.106,0.314,0.649,164.959,4,alternative
3Y4rUyw7XBCK6hGHCOt6rp,The Strokes,Comedown Machine,"Call It Fate, Call It Karma",72,204773,False,0.544,0.241,4,-14.779,0,0.03,0.983,0.774,0.101,0.359,109.437,4,alternative
2t0wwvR15fc3K1ey8OiOaN,The Strokes,The New Abnormal,Selfless,71,222093,False,0.538,0.679,4,-4.297,1,0.0333,0.191,0.00175,0.0889,0.0888,121.99,4,alternative
5ruzrDWcT0vuJIOMW7gMnW,The Strokes,The New Abnormal,The Adults Are Talking,79,309053,False,0.593,0.749,5,-5.67,1,0.0475,0.0113,0.106,0.314,0.649,164.959,4,garage
2t0wwvR15fc3K1ey8OiOaN,The Strokes,The New Abnormal,Selfless,71,222093,False,0.538,0.679,4,-4.297,1,0.0333,0.191,0.00175,0.0889,0.0888,121.99,4,garage
1aOxOpH4AkGAd8OMrKjyNY,The Strokes,The New Abnormal,Why Are Sundays So Depressing,68,275666,False,0.579,0.714,0,-4.455,1,0.0347,0.00258,0.0269,0.111,0.299,109.971,4,garage
56NkIxSZZiMpFP5ZNSxtnT,The Strokes,Is This It,Someday,70,183573,False,0.542,0.531,9,-7.481,1,0.0301,0.0033,1.51e-06,0.338,0.671,105.97,4,garage
7kzKAuUzOITUauHAhoMoxA,The Strokes,Is This It,Last Nite,74,193506,False,0.624,0.91,0,-5.703,1,0.0297,0.0285,0.000198,0.0789,0.767,104.042,4,garage
1BLOVHYYlH4JUHQGcpt75R,The Strokes,The New Abnormal,Ode To The Mets,67,351786,False,0.426,0.617,1,-5.423,0,0.0289,0.341,0.181,0.101,0.201,92.002,4,garage
4fPBB44eDH71YohayI4eKV,The Strokes,First Impressions Of Earth,You Only Live Once,72,189226,False,0.63,0.908,11,-2.42,1,0.0326,0.0238,0.592,0.116,0.968,120.522,4,garage
57Xjny5yNzAcsxnusKmAfA,The Strokes,Room On Fire,Reptilia,75,219826,False,0.489,0.649,9,-5.11,1,0.0336,0.000603,0.713,0.101,0.77,158.009,4,garage
6IRzBP4gVoV4D2zHmocoWy,The Strokes,The New Abnormal,Eternal Summer,62,375320,False,0.617,0.78,7,-4.466,0,0.0376,0.0141,0.0112,0.0833,0.326,93.951,4,garage
2pAD0PKMUMtxlMvz33tYzB,The Strokes,Is This It,Is This It,61,151333,False,0.664,0.679,5,-8.293,1,0.03,0.149,4.84e-05,0.347,0.804,96.002,4,garage
55N8cxpE1QDoeaaNqUnoZ2,The Strokes,The New Abnormal,Bad Decisions,64,293360,False,0.374,0.922,0,-3.4,1,0.056,0.0135,0.204,0.28,0.393,153.217,4,garage
2mDYYGaGd9uXKkK2YhDA3i,The Strokes,The New Abnormal,Brooklyn Bridge To Chorus,64,235946,False,0.628,0.571,0,-3.897,1,0.0628,0.00602,9.21e-05,0.0833,0.467,119.899,4,garage
6u0x5ad9ewHvs3z6u9Oe3c,The Strokes,Angles,Under Cover of Darkness,68,235546,False,0.35,0.775,11,-3.364,1,0.054,0.00433,0.283,0.0676,0.588,199.866,4,garage
6mVD1SfTvlFAPVi7txFL5H,The Strokes,Angles,Machu Picchu,64,209626,False,0.695,0.817,1,-5.294,1,0.0659,0.0132,0.097,0.0601,0.874,105.014,4,garage
7lu6YLrlB1MU7HW8DJSuPa,The Strokes,The New Abnormal,At The Door,60,310373,False,0.456,0.323,10,-6.764,1,0.0318,0.858,0.00913,0.146,0.363,116.903,4,garage
2LMloFiV7DHpBhITOaBSam,The Strokes,Is This It,Hard To Explain,63,224426,False,0.406,0.682,7,-6.281,1,0.0584,0.000413,0.849,0.0999,0.623,82.495,4,garage
6Yu1OL8I0D4vjOzYdsXYGK,The Strokes,Room On Fire,12:51,65,153133,False,0.451,0.889,4,-3.838,1,0.0379,0.312,0.8,0.558,0.592,145.056,4,garage
7bfocP7GYoLOutUYpTI8tx,The Strokes,Comedown Machine,Welcome To Japan,63,230826,False,0.705,0.666,2,-7.23,0,0.0303,0.00233,0.0149,0.174,0.646,124.032,4,garage
2lffRiAET2Xt6BNb4EmkS2,The Strokes,Comedown Machine,80's Comedown Machine,55,298613,False,0.488,0.503,0,-8.89,1,0.0326,0.00583,0.809,0.101,0.38,144.035,4,garage
5ncofiedz9Ej6YkvvXMKVn,The Strokes,The New Abnormal,Not The Same Anymore,59,337333,False,0.353,0.613,9,-5.9,1,0.031,0.384,0.0123,0.103,0.282,177.375,4,garage
4KC2Z9dL4jL61Ys35N6srg,The Strokes,Is This It,Barely Legal,57,234733,True,0.427,0.886,0,-6.304,1,0.037,0.004,0.0532,0.0909,0.857,157.609,4,garage
1EsgUWQsxGBwnu3NATDjiU,The Strokes,Is This It,The Modern Age,57,208306,False,0.53,0.89,2,-6.042,1,0.0328,0.0124,0.759,0.143,0.868,145.958,4,garage
718purgMpFb2Axhuz0Hbq1,The Strokes,Comedown Machine,Chances,56,216786,False,0.561,0.569,6,-9.682,1,0.0289,0.365,0.611,0.109,0.53,103.705,4,garage
4ileLT7ldd2uX8bMemWqbm,The Strokes,Angles,Life Is Simple in the Moonlight,59,255240,False,0.515,0.696,6,-5.857,0,0.0313,0.0126,0.000345,0.0916,0.513,134.893,4,garage
78Gzxi27GuNHTfkn2BylG4,The Strokes,Room On Fire,What Ever Happened?,62,169506,False,0.547,0.596,11,-6.044,1,0.0339,8.02e-05,0.739,0.273,0.584,116.17,4,garage
3mYCd23hPxJW5okSvMoy3x,The Strokes,First Impressions Of Earth,Heart In a Cage,63,206173,False,0.418,0.857,8,-5.133,1,0.0404,2.73e-06,0.805,0.368,0.12,140.02,4,garage
7G8hUONVhvJnkD3Ak8mNF1,The Strokes,Is This It,Soma,54,153933,False,0.501,0.715,0,-7.382,1,0.0301,0.0774,0.00603,0.0653,0.502,148.971,4,garage
2ThdB23G9Rgf1ExndFGEEg,The Strokes,Comedown Machine,Tap Out,56,222360,False,0.737,0.745,9,-5.944,1,0.0351,0.0176,0.381,0.306,0.629,115.989,4,garage
5GKVcvTgnFYtfh25qKQtRg,The Strokes,Comedown Machine,One Way Trigger,59,242293,False,0.516,0.942,2,-4.113,1,0.036,0.000182,0.464,0.116,0.964,95.996,4,garage
37ZgsOy8t4vMnGtMExr6ah,The Strokes,Future Present Past,Threat of Joy,57,264724,True,0.59,0.704,0,-7.058,1,0.0284,0.223,0.0825,0.103,0.691,137.968,4,garage
4pXyK9GW7fuT645U0DLYYF,The Strokes,Is This It,"Alone, Together",52,188800,False,0.511,0.855,7,-5.752,1,0.0307,0.00782,0.89,0.0694,0.962,142.985,4,garage
3kKb3U3a8jmUJQB9ypE1Jl,The Strokes,Room On Fire,Under Control,58,187306,False,0.406,0.72,1,-4.647,1,0.0291,0.354,0.795,0.0541,0.641,91.336,4,garage
7eX5SypK35V8Y9d9pS6rWy,The Strokes,Room On Fire,I Can't Win,57,162040,False,0.472,0.746,11,-4.816,1,0.0321,0.00581,0.663,0.0999,0.403,97.44,4,garage
6SdAztAqklk1zAmUHhU4N7,The Strokes,Angles,Taken for a Fool,58,203240,False,0.569,0.89,5,-4.447,1,0.0559,0.00595,0.0112,0.226,0.885,137.044,4,garage
37cb7mzkQKksGm0noGDXeh,The Strokes,Is This It,Trying Your Luck,53,202960,False,0.502,0.691,9,-9.453,0,0.0311,0.00911,0.0149,0.133,0.629,143.926,4,garage
4UF1eupXP9Zz5GpYepyOxI,The Strokes,First Impressions Of Earth,Razorblade,57,208133,False,0.394,0.859,9,-3.851,1,0.0409,0.00201,0.233,0.1,0.511,136.075,5,garage
0J2OnBNKwt0KICDyDFPUvl,The Strokes,Is This It,Take It Or Leave It,53,196133,False,0.429,0.924,2,-6.131,0,0.0406,0.000542,0.353,0.104,0.484,154.104,4,garage
0dy6iXYIF0piirySAzCBwF,The Strokes,Room On Fire,The End Has No End,56,185560,False,0.531,0.66,1,-3.725,1,0.0335,0.000833,0.855,0.226,0.533,136.027,4,garage
7xuu4ByQkm8qhnwJQk994r,The Strokes,Is This It,New York City Cops,52,210746,False,0.522,0.853,0,-7.66,1,0.0362,0.071,2.82e-05,0.343,0.455,107.943,4,garage
08l9WKDuRyGeStQ9ojTlFh,The Strokes,Room On Fire,Meet Me in the Bathroom,53,176160,False,0.427,0.941,7,-3.973,1,0.0336,6.7e-05,0.89,0.0772,0.587,139.956,4,garage
6lnnaGN20kl0jEYJSxCgU9,The Strokes,Room On Fire,You Talk Way Too Much,53,186266,False,0.304,0.971,4,-3.226,1,0.0351,0.0594,0.955,0.0799,0.695,127.856,4,garage
6y4ySPeb68KGoAi1dk130F,The Strokes,Future Present Past,Oblivius,54,299232,False,0.468,0.888,8,-4.463,1,0.0517,0.0957,0.648,0.151,0.432,102.959,4,garage
5ruzrDWcT0vuJIOMW7gMnW,The Strokes,The New Abnormal,The Adults Are Talking,79,309053,False,0.593,0.749,5,-5.67,1,0.0475,0.0113,0.106,0.314,0.649,164.959,4,rock
